Station ID,Date, Latitude ,Longitude,Depth (feet),"2,3,7,8-TCDD (pg/g)","1,2,3,7,8-PeCDD (pg/g)","1,2,3,4,7,8-HxCDD (pg/g)","1,2,3,6,7,8-HxCDD (pg/g)","1,2,3,7,8,9-HxCDD (pg/g)","1,2,3,4,6,7,8-HpCDD (pg/g)",OCDD (pg/g),"2,3,7,8-TCDF (pg/g)","1,2,3,7,8-PeCDF (pg/g)","2,3,4,7,8-PeCDF (pg/g)","1,2,3,4,7,8-HxCDF (pg/g)","1,2,3,6,7,8-HxCDF (pg/g)","1,2,3,7,8,9-HxCDF (pg/g)","2,3,4,6,7,8-HxCDF (pg/g)","1,2,3,4,6,7,8-HpCDF (pg/g)","1,2,3,4,7,8,9-HpCDF (pg/g)",OCDF (pg/g),Total TCDDs (pg/g),Total PeCDDs (pg/g),Total HxCDDs (pg/g),Total HpCDDs (pg/g),Total TCDFs (pg/g),Total PeCDFs (pg/g),Total HxCDFs (pg/g),Total HpCDFs (pg/g),TOC (%),Total Fines (%),TEQ WHO-05 (1 DL) (pg/g),TEQ WHO-05 (1/2 DL) (pg/g),TEQ WHO-05 (0 DL) (pg/g),Title,Details,Location
SS_0,08/04/2008,47.183352,-122.886034,16.7,0.308,1.28,1.92,9.11,5.04,186,1320,1.63,1.15,2.21,6.71,2.45,1.06,3.74,70.3,3.78,176,27.7,44.7,145,433,19.2,30.6,91.3,215,2.51,83.4,8.5,8.31,8.12,Station ID: SS_0,"<ul><li><strong>Dioxin TEQ 1/2 DL:</strong> 8.31 pg/g</li><li><strong>Depth:</strong> 16.7 feet</li><li><strong>Location:</strong> 47.183352N, -122.886034W</li><li><strong>Total Organic Carbon:</strong> 2.51%</li><li><strong>Total Fines:</strong> 83.4%</li></ul>
<p><a target=""_blank"" href=""http://www.socrata.com/dataset/Dioxin/km7h-ni6x/66"">View Details</a></p>
","(47.183352, -122.886034)"
R_CAR_5,08/04/2008,47.241567,-122.640012,375.3,0.363,0.838,0.622,4.19,2.61,51,386,1.73,0.996,1.6,2.56,1.02,0.537,1.34,154,1.43,110,1.41,10.8,43.3,124,16.2,16,41.7,262,1.82,71.9,5.38,5.15,4.92,Station ID: R_CAR_5,"<ul><li><strong>Dioxin TEQ 1/2 DL:</strong> 5.15 pg/g</li><li><strong>Depth:</strong> 375.3 feet</li><li><strong>Location:</strong> 47.241567N, -122.640012W</li><li><strong>Total Organic Carbon:</strong> 1.82%</li><li><strong>Total Fines:</strong> 71.9%</li></ul>
<p><a target=""_blank"" href=""http://www.socrata.com/dataset/Dioxin/km7h-ni6x/29"">View Details</a></p>
","(47.241567, -122.640012)"
SCPS_5,08/04/2008,47.482493,-122.378067,597.3,0.29,0.909,0.7,4.46,2.78,53,369,2.42,0.732,1.66,2.13,0.652,0.504,1.17,14.5,0.767,31,7.39,9.97,46.4,125,15,17.1,22.1,37.6,1.71,88.6,4,3.74,3.47,Station ID: SCPS_5,"<ul><li><strong>Dioxin TEQ 1/2 DL:</strong> 3.74 pg/g</li><li><strong>Depth:</strong> 597.3 feet</li><li><strong>Location:</strong> 47.482493N, -122.378067W</li><li><strong>Total Organic Carbon:</strong> 1.71%</li><li><strong>Total Fines:</strong> 88.6%</li></ul>
<p><a target=""_blank"" href=""http://www.socrata.com/dataset/Dioxin/km7h-ni6x/50"">View Details</a></p>
","(47.482493, -122.378067)"
SCPS_1,08/04/2008,47.501306,-122.431469,569.8,0.243,0.806,0.635,3.91,2.46,44.9,319,2.32,0.687,1.47,1.66,0.775,0.336,0.973,13.4,0.802,26.5,7.64,10.4,41.1,108,17.5,14.8,18,32.8,1.38,75.3,3.51,3.39,3.26,Station ID: SCPS_1,"<ul><li><strong>Dioxin TEQ 1/2 DL:</strong> 3.39 pg/g</li><li><strong>Depth:</strong> 569.8 feet</li><li><strong>Location:</strong> 47.501306N, -122.431469W</li><li><strong>Total Organic Carbon:</strong> 1.38%</li><li><strong>Total Fines:</strong> 75.3%</li></ul>
<p><a target=""_blank"" href=""http://www.socrata.com/dataset/Dioxin/km7h-ni6x/46"">View Details</a></p>
","(47.501306, -122.431469)"
HC_2_Dup,08/03/2008,47.395513,-122.951427,71.7,0.215,0.843,1.25,3.06,3.21,58.7,350,1.5,0.567,1.28,1.02,0.866,0.455,1.21,8.98,0.624,15.5,2.1,10.6,42.6,144,10.3,10.6,15.1,20.9,4.33,76.5,3.51,3.38,3.24,Station ID: HC_2_Dup,"<ul><li><strong>Dioxin TEQ 1/2 DL:</strong> 3.38 pg/g</li><li><strong>Depth:</strong> 71.7 feet</li><li><strong>Location:</strong> 47.395513N, -122.951427W</li><li><strong>Total Organic Carbon:</strong> 4.33%</li><li><strong>Total Fines:</strong> 76.5%</li></ul>
<p><a target=""_blank"" href=""http://www.socrata.com/dataset/Dioxin/km7h-ni6x/72"">View Details</a></p>
","(47.395513, -122.951427)"
PSPS_2,08/03/2008,48.040005,-122.295774,290.9,0.438,0.743,0.823,3.85,2.77,46.1,335,3.11,0.56,1.27,0.895,0.588,0.343,0.929,9.05,0.59,19.8,13.7,14.6,42.9,111,20.6,13,14.8,24.6,2.64,85.1,3.57,2.98,2.39,Station ID: PSPS_2,"<ul><li><strong>Dioxin TEQ 1/2 DL:</strong> 2.98 pg/g</li><li><strong>Depth:</strong> 290.9 feet</li><li><strong>Location:</strong> 48.040005N, -122.295774W</li><li><strong>Total Organic Carbon:</strong> 2.64%</li><li><strong>Total Fines:</strong> 85.1%</li></ul>
<p><a target=""_blank"" href=""http://www.socrata.com/dataset/Dioxin/km7h-ni6x/22"">View Details</a></p>
","(48.040005, -122.295774)"
SPSB_2,08/03/2008,48.132974,-122.52659,291.4,0.224,0.735,0.646,2.25,1.56,30.2,197,1.87,0.369,1.03,0.735,0.476,0.238,0.735,7.07,0.685,13.8,3.69,8.62,25.3,68,14.4,8.58,10.1,17.8,2.09,76.4,2.57,2.27,1.97,Station ID: SPSB_2,"<ul><li><strong>Dioxin TEQ 1/2 DL:</strong> 2.27 pg/g</li><li><strong>Depth:</strong> 291.4 feet</li><li><strong>Location:</strong> 48.132974N, -122.52659W</li><li><strong>Total Organic Carbon:</strong> 2.09%</li><li><strong>Total Fines:</strong> 76.4%</li></ul>
<p><a target=""_blank"" href=""http://www.socrata.com/dataset/Dioxin/km7h-ni6x/63"">View Details</a></p>
","(48.132974, -122.52659)"
CPS_1,08/04/2008,47.555219,-122.530361,142.6,0.141,0.444,0.387,2.38,1.58,27.5,193,1.21,0.843,1.13,1.97,0.705,0.388,0.68,8.3,0.674,17.4,5.8,6.44,25,66.3,12.5,12.5,14.7,22.3,0.729,22.4,2.31,2.22,2.13,Station ID: CPS_1,"<ul><li><strong>Dioxin TEQ 1/2 DL:</strong> 2.22 pg/g</li><li><strong>Depth:</strong> 142.6 feet</li><li><strong>Location:</strong> 47.555219N, -122.530361W</li><li><strong>Total Organic Carbon:</strong> 0.729%</li><li><strong>Total Fines:</strong> 22.4%</li></ul>
<p><a target=""_blank"" href=""http://www.socrata.com/dataset/Dioxin/km7h-ni6x/7"">View Details</a></p>
","(47.555219, -122.530361)"
PSPS_1,08/03/2008,48.086413,-122.348546,387.2,0.361,0.521,0.587,2.56,1.72,30.3,220,2.01,0.455,0.906,0.67,0.432,0.42,0.586,6.18,0.724,14.1,3.89,8.32,28.2,70.9,11.4,8.71,6.5,15.9,2.31,92.7,2.51,2.19,1.88,Station ID: PSPS_1,"<ul><li><strong>Dioxin TEQ 1/2 DL:</strong> 2.19 pg/g</li><li><strong>Depth:</strong> 387.2 feet</li><li><strong>Location:</strong> 48.086413N, -122.348546W</li><li><strong>Total Organic Carbon:</strong> 2.31%</li><li><strong>Total Fines:</strong> 92.7%</li></ul>
<p><a target=""_blank"" href=""http://www.socrata.com/dataset/Dioxin/km7h-ni6x/21"">View Details</a></p>
","(48.086413, -122.348546)"
CPS_0,08/04/2008,47.547086,-122.414055,557.4,0.265,0.468,0.367,2.03,1.27,27,197,1.23,0.441,0.88,1.12,0.375,0.537,0.572,6.04,0.765,14,3.31,4.58,19.1,66.5,7.87,7.23,8.7,16.7,2.75,83.8,2.16,1.95,1.74,Station ID: CPS_0,"<ul><li><strong>Dioxin TEQ 1/2 DL:</strong> 1.95 pg/g</li><li><strong>Depth:</strong> 557.4 feet</li><li><strong>Location:</strong> 47.547086N, -122.414055W</li><li><strong>Total Organic Carbon:</strong> 2.75%</li><li><strong>Total Fines:</strong> 83.8%</li></ul>
<p><a target=""_blank"" href=""http://www.socrata.com/dataset/Dioxin/km7h-ni6x/6"">View Details</a></p>
","(47.547086, -122.414055)"
R_SAM_5,08/01/2008,48.6134,-122.494296,49.7,0.23,0.52,0.562,2.55,1.64,20.1,104,2.09,0.254,0.518,0.401,0.308,0.278,0.447,4.34,0.36,8.47,18.6,17.9,37.2,43.2,9.4,4.39,5.42,10.7,1.64,75.1,2.02,1.89,1.75,Station ID: R_SAM_5,"<ul><li><strong>Dioxin TEQ 1/2 DL:</strong> 1.89 pg/g</li><li><strong>Depth:</strong> 49.7 feet</li><li><strong>Location:</strong> 48.6134N, -122.494296W</li><li><strong>Total Organic Carbon:</strong> 1.64%</li><li><strong>Total Fines:</strong> 75.1%</li></ul>
<p><a target=""_blank"" href=""http://www.socrata.com/dataset/Dioxin/km7h-ni6x/45"">View Details</a></p>
","(48.6134, -122.494296)"
R_DAB_5,08/02/2008,47.680023,-122.834122,321.8,0.333,0.611,0.452,2.6,1.8,24.1,139,1.62,0.464,0.8,0.613,0.389,0.375,0.703,5.49,0.664,9.81,4.58,5.11,27.9,58,19.1,8.97,7.93,12.3,1.54,77.7,2.4,1.85,1.3,Station ID: R_DAB_5,"<ul><li><strong>Dioxin TEQ 1/2 DL:</strong> 1.85 pg/g</li><li><strong>Depth:</strong> 321.8 feet</li><li><strong>Location:</strong> 47.680023N, -122.834122W</li><li><strong>Total Organic Carbon:</strong> 1.54%</li><li><strong>Total Fines:</strong> 77.7%</li></ul>
<p><a target=""_blank"" href=""http://www.socrata.com/dataset/Dioxin/km7h-ni6x/34"">View Details</a></p>
","(47.680023, -122.834122)"
R_DAB_2,08/02/2008,47.681197,-122.874253,407.1,0.311,0.69,0.54,2.64,1.88,23.4,134,0.296,0.328,0.875,0.653,0.421,0.375,0.587,5.31,0.633,9.01,3.04,5.72,28.5,57,11.9,7.74,7.01,11.9,1.27,90.5,2.35,1.79,1.23,Station ID: R_DAB_2,"<ul><li><strong>Dioxin TEQ 1/2 DL:</strong> 1.79 pg/g</li><li><strong>Depth:</strong> 407.1 feet</li><li><strong>Location:</strong> 47.681197N, -122.874253W</li><li><strong>Total Organic Carbon:</strong> 1.27%</li><li><strong>Total Fines:</strong> 90.5%</li></ul>
<p><a target=""_blank"" href=""http://www.socrata.com/dataset/Dioxin/km7h-ni6x/33"">View Details</a></p>
","(47.681197, -122.874253)"
SJF_12_C_GS,08/02/2008,48.047319,-122.857881,156.2,0.252,0.522,0.404,2.02,1.4,17.9,101,1.54,0.326,0.614,0.447,0.283,0.362,0.434,4.48,0.566,6.94,5.03,6.26,22.2,44.6,8.66,6.14,5.18,9.67,2.64,78.9,1.92,1.75,1.57,Station ID: SJF_12_C_GS,"<ul><li><strong>Dioxin TEQ 1/2 DL:</strong> 1.75 pg/g</li><li><strong>Depth:</strong> 156.2 feet</li><li><strong>Location:</strong> 48.047319N, -122.857881W</li><li><strong>Total Organic Carbon:</strong> 2.64%</li><li><strong>Total Fines:</strong> 78.9%</li></ul>
<p><a target=""_blank"" href=""http://www.socrata.com/dataset/Dioxin/km7h-ni6x/52"">View Details</a></p>
","(48.047319, -122.857881)"
R_SAM_1,08/01/2008,48.627431,-122.493314,43.1,0.108,0.524,0.484,2.03,1.36,17.1,94.5,1.72,0.189,0.435,0.345,0.252,0.203,0.35,3.93,0.238,7.63,6.6,14,31.1,36.2,6.93,4.49,4.55,9.86,1.75,45.2,1.69,1.6,1.52,Station ID: R_SAM_1,"<ul><li><strong>Dioxin TEQ 1/2 DL:</strong> 1.6 pg/g</li><li><strong>Depth:</strong> 43.1 feet</li><li><strong>Location:</strong> 48.627431N, -122.493314W</li><li><strong>Total Organic Carbon:</strong> 1.75%</li><li><strong>Total Fines:</strong> 45.2%</li></ul>
<p><a target=""_blank"" href=""http://www.socrata.com/dataset/Dioxin/km7h-ni6x/42"">View Details</a></p>
","(48.627431, -122.493314)"
R_DAB_1,08/02/2008,47.768648,-122.851379,379.3,0.338,0.49,0.363,1.46,1.12,18.7,105,0.878,0.307,0.707,0.617,0.328,0.431,0.515,3.56,0.709,5.75,0.58,3.32,16.1,47.1,7.64,5.16,6.23,7.6,2.44,67.3,1.88,1.68,1.49,Station ID: R_DAB_1,"<ul><li><strong>Dioxin TEQ 1/2 DL:</strong> 1.68 pg/g</li><li><strong>Depth:</strong> 379.3 feet</li><li><strong>Location:</strong> 47.768648N, -122.851379W</li><li><strong>Total Organic Carbon:</strong> 2.44%</li><li><strong>Total Fines:</strong> 67.3%</li></ul>
<p><a target=""_blank"" href=""http://www.socrata.com/dataset/Dioxin/km7h-ni6x/32"">View Details</a></p>
","(47.768648, -122.851379)"
PSPS_9,08/03/2008,48.125624,-122.38381,392.1,0.17,0.482,0.476,1.84,1.39,24.5,172,1.9,0.362,0.793,0.694,0.373,0.331,0.583,5.11,0.469,11.2,2.74,6.68,22.3,56,6.43,7.7,8.12,13.7,1.56,95.4,2.02,1.67,1.33,Station ID: PSPS_9,"<ul><li><strong>Dioxin TEQ 1/2 DL:</strong> 1.67 pg/g</li><li><strong>Depth:</strong> 392.1 feet</li><li><strong>Location:</strong> 48.125624N, -122.38381W</li><li><strong>Total Organic Carbon:</strong> 1.56%</li><li><strong>Total Fines:</strong> 95.4%</li></ul>
<p><a target=""_blank"" href=""http://www.socrata.com/dataset/Dioxin/km7h-ni6x/25"">View Details</a></p>
","(48.125624, -122.38381)"
SPSB_0_Dup,08/03/2008,48.086413,-122.348546,387.2,0.19,0.373,0.343,1.71,1.24,22,146,1.52,0.343,0.83,0.633,0.324,0.262,0.521,5.4,0.377,10.2,2.51,7.45,20.3,49.3,9.76,7.26,7.73,13.4,2.07,83.2,1.8,1.65,1.51,Station ID: SPSB_0_Dup,"<ul><li><strong>Dioxin TEQ 1/2 DL:</strong> 1.65 pg/g</li><li><strong>Depth:</strong> 387.2 feet</li><li><strong>Location:</strong> 48.086413N, -122.348546W</li><li><strong>Total Organic Carbon:</strong> 2.07%</li><li><strong>Total Fines:</strong> 83.2%</li></ul>
<p><a target=""_blank"" href=""http://www.socrata.com/dataset/Dioxin/km7h-ni6x/75"">View Details</a></p>
","(48.086413, -122.348546)"
CPS_3_Dup,07/31/2008,47.645433,-122.482936,403.8,0.183,0.405,0.321,1.7,1.18,21.8,189,1.22,0.33,0.72,0.618,0.347,0.286,0.518,5.27,0.344,12.9,2.8,5.81,16.8,50.3,8.35,6.23,7.26,13.8,1.49,20.7,1.77,1.62,1.47,Station ID: CPS_3_Dup,"<ul><li><strong>Dioxin TEQ 1/2 DL:</strong> 1.62 pg/g</li><li><strong>Depth:</strong> 403.8 feet</li><li><strong>Location:</strong> 47.645433N, -122.482936W</li><li><strong>Total Organic Carbon:</strong> 1.49%</li><li><strong>Total Fines:</strong> 20.7%</li></ul>
<p><a target=""_blank"" href=""http://www.socrata.com/dataset/Dioxin/km7h-ni6x/71"">View Details</a></p>
","(47.645433, -122.482936)"
SPSB_0,08/03/2008,48.087983,-122.432663,385.2,0.18,0.351,0.41,1.82,1.36,22.1,148,1.14,0.294,0.817,0.538,0.306,0.403,0.44,5.2,0.497,10.7,5.68,6.54,19.5,48.8,9.16,7.65,6.51,13,2.24,76.4,1.75,1.58,1.4,Station ID: SPSB_0,"<ul><li><strong>Dioxin TEQ 1/2 DL:</strong> 1.58 pg/g</li><li><strong>Depth:</strong> 385.2 feet</li><li><strong>Location:</strong> 48.087983N, -122.432663W</li><li><strong>Total Organic Carbon:</strong> 2.24%</li><li><strong>Total Fines:</strong> 76.4%</li></ul>
<p><a target=""_blank"" href=""http://www.socrata.com/dataset/Dioxin/km7h-ni6x/61"">View Details</a></p>
","(48.087983, -122.432663)"
R_HOL_4,08/03/2008,48.079195,-122.53164,182.5,0.182,0.388,0.436,1.86,1.25,24,148,1.28,0.346,0.851,0.617,0.425,0.286,0.564,5,0.335,9,4.37,6.55,14.6,56.7,12.6,8.47,8.05,12.7,4.44,68.8,1.85,1.43,1.02,Station ID: R_HOL_4,"<ul><li><strong>Dioxin TEQ 1/2 DL:</strong> 1.43 pg/g</li><li><strong>Depth:</strong> 182.5 feet</li><li><strong>Location:</strong> 48.079195N, -122.53164W</li><li><strong>Total Organic Carbon:</strong> 4.44%</li><li><strong>Total Fines:</strong> 68.8%</li></ul>
<p><a target=""_blank"" href=""http://www.socrata.com/dataset/Dioxin/km7h-ni6x/39"">View Details</a></p>
","(48.079195, -122.53164)"
R_SAM_0,08/01/2008,48.601004,-122.497771,46.6,0.138,0.468,0.447,1.79,1.25,14,72.9,1.47,0.206,0.366,0.315,0.208,0.211,0.315,3.06,0.3,5.91,8.74,11.2,24.9,29.4,4.73,3.31,3.73,7.22,2.63,82,1.52,1.39,1.26,Station ID: R_SAM_0,"<ul><li><strong>Dioxin TEQ 1/2 DL:</strong> 1.39 pg/g</li><li><strong>Depth:</strong> 46.6 feet</li><li><strong>Location:</strong> 48.601004N, -122.497771W</li><li><strong>Total Organic Carbon:</strong> 2.63%</li><li><strong>Total Fines:</strong> 82%</li></ul>
<p><a target=""_blank"" href=""http://www.socrata.com/dataset/Dioxin/km7h-ni6x/41"">View Details</a></p>
","(48.601004, -122.497771)"
R_SAM_3,08/01/2008,48.613097,-122.532483,67.3,0.114,0.402,0.369,1.93,1.29,14.5,96.3,1.7,0.234,0.36,0.343,0.217,0.158,0.349,3.33,0.215,5.43,3.61,7.95,23.6,32.6,7.16,3.72,3.94,8.03,1.24,85.3,1.48,1.38,1.28,Station ID: R_SAM_3,"<ul><li><strong>Dioxin TEQ 1/2 DL:</strong> 1.38 pg/g</li><li><strong>Depth:</strong> 67.3 feet</li><li><strong>Location:</strong> 48.613097N, -122.532483W</li><li><strong>Total Organic Carbon:</strong> 1.24%</li><li><strong>Total Fines:</strong> 85.3%</li></ul>
<p><a target=""_blank"" href=""http://www.socrata.com/dataset/Dioxin/km7h-ni6x/43"">View Details</a></p>
","(48.613097, -122.532483)"
SPSB_1,08/03/2008,48.195329,-122.56261,261.8,0.216,0.329,0.427,1.4,0.965,18.8,114,1,0.333,0.75,0.558,0.269,0.369,0.479,4.51,0.692,8.68,2.29,4.59,15.3,41.8,7.69,6.44,6.3,10.6,1.85,86.5,1.6,1.38,1.16,Station ID: SPSB_1,"<ul><li><strong>Dioxin TEQ 1/2 DL:</strong> 1.38 pg/g</li><li><strong>Depth:</strong> 261.8 feet</li><li><strong>Location:</strong> 48.195329N, -122.56261W</li><li><strong>Total Organic Carbon:</strong> 1.85%</li><li><strong>Total Fines:</strong> 86.5%</li></ul>
<p><a target=""_blank"" href=""http://www.socrata.com/dataset/Dioxin/km7h-ni6x/62"">View Details</a></p>
","(48.195329, -122.56261)"
CPS_3,07/31/2008,47.645433,-122.482936,403.8,0.154,0.345,0.243,1.47,0.977,15.8,113,0.891,0.29,0.592,0.796,0.385,0.166,0.405,4.02,0.422,8.35,2.3,2.8,14.3,39.1,7.09,5.55,7.05,10.1,1.55,19.9,1.46,1.37,1.27,Station ID: CPS_3,"<ul><li><strong>Dioxin TEQ 1/2 DL:</strong> 1.37 pg/g</li><li><strong>Depth:</strong> 403.8 feet</li><li><strong>Location:</strong> 47.645433N, -122.482936W</li><li><strong>Total Organic Carbon:</strong> 1.55%</li><li><strong>Total Fines:</strong> 19.9%</li></ul>
<p><a target=""_blank"" href=""http://www.socrata.com/dataset/Dioxin/km7h-ni6x/8"">View Details</a></p>
","(47.645433, -122.482936)"
SS_2,08/04/2008,47.1442,-122.744053,232.1,0.14,0.299,0.26,1.45,0.88,22,148,0.664,0.309,0.555,0.884,0.35,0.207,0.47,7.02,0.422,18.6,2.1,2.8,16.1,49.6,5.02,5.31,8.3,20.9,0.737,20,1.48,1.37,1.26,Station ID: SS_2,"<ul><li><strong>Dioxin TEQ 1/2 DL:</strong> 1.37 pg/g</li><li><strong>Depth:</strong> 232.1 feet</li><li><strong>Location:</strong> 47.1442N, -122.744053W</li><li><strong>Total Organic Carbon:</strong> 0.737%</li><li><strong>Total Fines:</strong> 20%</li></ul>
<p><a target=""_blank"" href=""http://www.socrata.com/dataset/Dioxin/km7h-ni6x/68"">View Details</a></p>
","(47.1442, -122.744053)"
SJI_20_C_GS,08/02/2008,48.605324,-122.84928,80.8,0.158,0.452,0.291,2.08,1.25,19,200,1.4,0.235,0.45,0.351,0.244,0.303,0.315,3.2,0.503,5.48,3.41,4.85,21.1,45.6,6.56,4.11,5.06,7.63,,,1.66,1.34,1.02,Station ID: SJI_20_C_GS,"<ul><li><strong>Dioxin TEQ 1/2 DL:</strong> 1.34 pg/g</li><li><strong>Depth:</strong> 80.8 feet</li><li><strong>Location:</strong> 48.605324N, -122.84928W</li><li><strong>Total Organic Carbon:</strong> %</li><li><strong>Total Fines:</strong> %</li></ul>
<p><a target=""_blank"" href=""http://www.socrata.com/dataset/Dioxin/km7h-ni6x/58"">View Details</a></p>
","(48.605324, -122.84928)"
NCPS_2,08/03/2008,47.885771,-122.38292,415.4,0.203,0.374,0.282,1.31,0.979,17,111,0.962,0.292,0.66,0.526,0.276,0.348,0.352,4.2,0.437,8.05,2.93,4.57,15.4,39.7,7.21,6.24,6.73,10.6,0.64,29.3,1.54,1.23,0.92,Station ID: NCPS_2,"<ul><li><strong>Dioxin TEQ 1/2 DL:</strong> 1.23 pg/g</li><li><strong>Depth:</strong> 415.4 feet</li><li><strong>Location:</strong> 47.885771N, -122.38292W</li><li><strong>Total Organic Carbon:</strong> 0.64%</li><li><strong>Total Fines:</strong> 29.3%</li></ul>
<p><a target=""_blank"" href=""http://www.socrata.com/dataset/Dioxin/km7h-ni6x/18"">View Details</a></p>
","(47.885771, -122.38292)"
R_DAB_7_C,08/02/2008,47.724623,-122.8616,319.3,0.0985,0.347,0.387,1.3,0.929,15,83.1,0.848,0.231,0.567,0.408,0.235,0.0973,0.408,3.12,0.195,5.01,2.07,3.93,13.8,34.8,6.65,4.65,4.93,7.22,1.39,64.9,1.29,1.22,1.16,Station ID: R_DAB_7_C,"<ul><li><strong>Dioxin TEQ 1/2 DL:</strong> 1.22 pg/g</li><li><strong>Depth:</strong> 319.3 feet</li><li><strong>Location:</strong> 47.724623N, -122.8616W</li><li><strong>Total Organic Carbon:</strong> 1.39%</li><li><strong>Total Fines:</strong> 64.9%</li></ul>
<p><a target=""_blank"" href=""http://www.socrata.com/dataset/Dioxin/km7h-ni6x/35"">View Details</a></p>
","(47.724623, -122.8616)"
R_CAR_1,08/04/2008,47.233292,-122.671644,207,0.239,0.3,0.347,1.56,0.954,18,121,0.81,0.313,0.584,0.854,0.303,0.329,0.459,5.67,0.408,12.1,1.56,2.93,14,41.8,5.61,4.74,6.75,15.1,0.644,25.5,1.57,1.22,0.86,Station ID: R_CAR_1,"<ul><li><strong>Dioxin TEQ 1/2 DL:</strong> 1.22 pg/g</li><li><strong>Depth:</strong> 207 feet</li><li><strong>Location:</strong> 47.233292N, -122.671644W</li><li><strong>Total Organic Carbon:</strong> 0.644%</li><li><strong>Total Fines:</strong> 25.5%</li></ul>
<p><a target=""_blank"" href=""http://www.socrata.com/dataset/Dioxin/km7h-ni6x/27"">View Details</a></p>
","(47.233292, -122.671644)"
SS_8_C,08/04/2008,47.135575,-122.666586,379.6,0.149,0.23,0.289,1.44,0.878,20.7,145,0.699,0.299,0.563,0.851,0.361,0.363,0.478,6.48,0.437,16.7,2.44,1.6,16.2,49.1,6.66,6.44,9.03,19.2,0.795,18.5,1.42,1.19,0.95,Station ID: SS_8_C,"<ul><li><strong>Dioxin TEQ 1/2 DL:</strong> 1.19 pg/g</li><li><strong>Depth:</strong> 379.6 feet</li><li><strong>Location:</strong> 47.135575N, -122.666586W</li><li><strong>Total Organic Carbon:</strong> 0.795%</li><li><strong>Total Fines:</strong> 18.5%</li></ul>
<p><a target=""_blank"" href=""http://www.socrata.com/dataset/Dioxin/km7h-ni6x/69"">View Details</a></p>
","(47.135575, -122.666586)"
SCPS_10_C,08/05/2008,47.349425,-122.355351,343.7,0.11,0.309,0.243,1.29,0.885,14.8,102,0.841,0.327,0.511,0.734,0.29,0.257,0.349,4.24,0.33,8.67,2.19,2.87,11.9,33.6,5.6,5.66,6.21,10.5,0.629,11.8,1.3,1.16,1.02,Station ID: SCPS_10_C,"<ul><li><strong>Dioxin TEQ 1/2 DL:</strong> 1.16 pg/g</li><li><strong>Depth:</strong> 343.7 feet</li><li><strong>Location:</strong> 47.349425N, -122.355351W</li><li><strong>Total Organic Carbon:</strong> 0.629%</li><li><strong>Total Fines:</strong> 11.8%</li></ul>
<p><a target=""_blank"" href=""http://www.socrata.com/dataset/Dioxin/km7h-ni6x/47"">View Details</a></p>
","(47.349425, -122.355351)"
SS_9_C,08/04/2008,47.284405,-122.83071,140.2,0.544,2.05,2.81,12.8,7.94,227,1570,3.66,2.02,3.86,7.97,3.3,1.36,4.8,77.8,4.34,198,27.9,45.1,173,526,42.6,50.6,108,242,0.38,93.4,11.9,11.63,11.35,Station ID: SS_9_C,"<ul><li><strong>Dioxin TEQ 1/2 DL:</strong> 11.63 pg/g</li><li><strong>Depth:</strong> 140.2 feet</li><li><strong>Location:</strong> 47.284405N, -122.83071W</li><li><strong>Total Organic Carbon:</strong> 0.38%</li><li><strong>Total Fines:</strong> 93.4%</li></ul>
<p><a target=""_blank"" href=""http://www.socrata.com/dataset/Dioxin/km7h-ni6x/70"">View Details</a></p>
","(47.284405, -122.83071)"
HC_2,08/03/2008,47.395513,-122.951427,71.7,0.396,0.448,0.526,1,0.866,18.3,111,0.715,0.303,0.463,0.406,0.291,0.548,0.374,3.26,0.969,7.09,1.32,2.87,9.41,46.5,1.03,2.44,4.92,7.89,3.65,98.5,1.73,1.15,0.58,Station ID: HC_2,"<ul><li><strong>Dioxin TEQ 1/2 DL:</strong> 1.15 pg/g</li><li><strong>Depth:</strong> 71.7 feet</li><li><strong>Location:</strong> 47.395513N, -122.951427W</li><li><strong>Total Organic Carbon:</strong> 3.65%</li><li><strong>Total Fines:</strong> 98.5%</li></ul>
<p><a target=""_blank"" href=""http://www.socrata.com/dataset/Dioxin/km7h-ni6x/13"">View Details</a></p>
","(47.395513, -122.951427)"
PSPS_1_Dup,08/03/2008,48.086413,-122.348546,387.2,0.172,0.334,0.328,1.28,0.859,15.7,119,1.42,0.235,0.532,0.41,0.218,0.298,0.377,3.06,0.433,7.76,2.27,4.85,14.2,37.3,6.2,4.33,3.21,8.29,2.03,96.3,1.42,1.12,0.82,Station ID: PSPS_1_Dup,"<ul><li><strong>Dioxin TEQ 1/2 DL:</strong> 1.12 pg/g</li><li><strong>Depth:</strong> 387.2 feet</li><li><strong>Location:</strong> 48.086413N, -122.348546W</li><li><strong>Total Organic Carbon:</strong> 2.03%</li><li><strong>Total Fines:</strong> 96.3%</li></ul>
<p><a target=""_blank"" href=""http://www.socrata.com/dataset/Dioxin/km7h-ni6x/74"">View Details</a></p>
","(48.086413, -122.348546)"
R_CAR_4,08/04/2008,47.373743,-122.636374,44.5,0.244,0.311,0.259,1.25,0.908,20.5,136,0.604,0.312,0.513,0.525,0.31,0.354,0.469,4.27,0.505,9.72,0.974,2.51,13.1,48.7,5.49,5.1,6.08,11,1.05,71,1.48,1.07,0.65,Station ID: R_CAR_4,"<ul><li><strong>Dioxin TEQ 1/2 DL:</strong> 1.07 pg/g</li><li><strong>Depth:</strong> 44.5 feet</li><li><strong>Location:</strong> 47.373743N, -122.636374W</li><li><strong>Total Organic Carbon:</strong> 1.05%</li><li><strong>Total Fines:</strong> 71%</li></ul>
<p><a target=""_blank"" href=""http://www.socrata.com/dataset/Dioxin/km7h-ni6x/28"">View Details</a></p>
","(47.373743, -122.636374)"
NCPS_2_Dup,08/03/2008,47.885771,-122.38292,415.4,0.126,0.323,0.269,1.22,0.796,15.3,101,1.07,0.227,0.608,0.477,0.236,0.171,0.353,3.76,0.198,7.46,2.19,3.27,13.2,35,7.3,5.62,5.54,9.73,0.949,25.4,1.32,1.07,0.81,Station ID: NCPS_2_Dup,"<ul><li><strong>Dioxin TEQ 1/2 DL:</strong> 1.07 pg/g</li><li><strong>Depth:</strong> 415.4 feet</li><li><strong>Location:</strong> 47.885771N, -122.38292W</li><li><strong>Total Organic Carbon:</strong> 0.949%</li><li><strong>Total Fines:</strong> 25.4%</li></ul>
<p><a target=""_blank"" href=""http://www.socrata.com/dataset/Dioxin/km7h-ni6x/73"">View Details</a></p>
","(47.885771, -122.38292)"
PSPS_3,08/03/2008,48.140438,-122.409475,361.5,0.142,0.388,0.231,1.14,0.834,14.2,99.9,1.26,0.194,0.508,0.398,0.218,0.256,0.326,3.06,0.364,6.24,1.09,3.34,12.7,33.3,7.61,4.23,4.04,7.36,1.74,96.7,1.36,1.06,0.75,Station ID: PSPS_3,"<ul><li><strong>Dioxin TEQ 1/2 DL:</strong> 1.06 pg/g</li><li><strong>Depth:</strong> 361.5 feet</li><li><strong>Location:</strong> 48.140438N, -122.409475W</li><li><strong>Total Organic Carbon:</strong> 1.74%</li><li><strong>Total Fines:</strong> 96.7%</li></ul>
<p><a target=""_blank"" href=""http://www.socrata.com/dataset/Dioxin/km7h-ni6x/23"">View Details</a></p>
","(48.140438, -122.409475)"
R_SAM_4,08/01/2008,48.620269,-122.519353,55.3,0.112,0.126,0.206,2.18,1.41,15.9,83.5,1.73,0.213,0.397,0.363,0.228,0.232,0.319,3.73,0.266,6.16,8.03,11,27.1,34.6,7.81,3.25,4.87,8.91,1.06,83.7,1.26,1.04,0.81,Station ID: R_SAM_4,"<ul><li><strong>Dioxin TEQ 1/2 DL:</strong> 1.04 pg/g</li><li><strong>Depth:</strong> 55.3 feet</li><li><strong>Location:</strong> 48.620269N, -122.519353W</li><li><strong>Total Organic Carbon:</strong> 1.06%</li><li><strong>Total Fines:</strong> 83.7%</li></ul>
<p><a target=""_blank"" href=""http://www.socrata.com/dataset/Dioxin/km7h-ni6x/44"">View Details</a></p>
","(48.620269, -122.519353)"
CPS_4,08/04/2008,47.533619,-122.477756,122.3,0.147,0.227,0.234,1.19,0.747,15.2,115,0.703,0.347,0.555,0.735,0.295,0.178,0.344,4.13,0.354,9.34,1.76,1.37,12.3,36.7,4.22,4.87,6.95,11.4,1.19,4.4,1.23,1.04,0.84,Station ID: CPS_4,"<ul><li><strong>Dioxin TEQ 1/2 DL:</strong> 1.04 pg/g</li><li><strong>Depth:</strong> 122.3 feet</li><li><strong>Location:</strong> 47.533619N, -122.477756W</li><li><strong>Total Organic Carbon:</strong> 1.19%</li><li><strong>Total Fines:</strong> 4.4%</li></ul>
<p><a target=""_blank"" href=""http://www.socrata.com/dataset/Dioxin/km7h-ni6x/9"">View Details</a></p>
","(47.533619, -122.477756)"
HC_0,08/03/2008,47.559855,-122.997632,517.4,0.254,0.271,0.371,1.03,0.736,11.9,84.1,0.799,0.234,0.401,0.26,0.196,0.355,0.303,2.53,0.574,4.81,0.898,2.64,9.55,28.3,2.14,2.16,3.08,2.53,0.864,96.7,1.23,1.01,0.8,Station ID: HC_0,"<ul><li><strong>Dioxin TEQ 1/2 DL:</strong> 1.01 pg/g</li><li><strong>Depth:</strong> 517.4 feet</li><li><strong>Location:</strong> 47.559855N, -122.997632W</li><li><strong>Total Organic Carbon:</strong> 0.864%</li><li><strong>Total Fines:</strong> 96.7%</li></ul>
<p><a target=""_blank"" href=""http://www.socrata.com/dataset/Dioxin/km7h-ni6x/11"">View Details</a></p>
","(47.559855, -122.997632)"
SJI_1,08/02/2008,48.81243,-122.775745,180.2,0.181,0.252,0.263,1.19,0.865,8,42.2,0.814,0.14,0.256,0.21,0.118,0.303,0.199,1.97,0.382,3.15,0.524,2.21,11.6,18.3,2.76,1.93,2.77,4.42,0.964,29.2,1.03,0.9,0.77,Station ID: SJI_1,"<ul><li><strong>Dioxin TEQ 1/2 DL:</strong> 0.9 pg/g</li><li><strong>Depth:</strong> 180.2 feet</li><li><strong>Location:</strong> 48.81243N, -122.775745W</li><li><strong>Total Organic Carbon:</strong> 0.964%</li><li><strong>Total Fines:</strong> 29.2%</li></ul>
<p><a target=""_blank"" href=""http://www.socrata.com/dataset/Dioxin/km7h-ni6x/57"">View Details</a></p>
","(48.81243, -122.775745)"
SJI_0,08/01/2008,48.599191,-122.585632,95,0.171,0.407,0.318,1.7,1.22,11.9,76.6,1.3,0.193,0.394,0.378,0.254,0.362,0.318,2.94,0.523,5,1.41,5.54,16.6,29.1,7.7,3.75,3.94,6.84,1.18,69,1.47,0.99,0.52,Station ID: SJI_0,"<ul><li><strong>Dioxin TEQ 1/2 DL:</strong> 0.99 pg/g</li><li><strong>Depth:</strong> 95 feet</li><li><strong>Location:</strong> 48.599191N, -122.585632W</li><li><strong>Total Organic Carbon:</strong> 1.18%</li><li><strong>Total Fines:</strong> 69%</li></ul>
<p><a target=""_blank"" href=""http://www.socrata.com/dataset/Dioxin/km7h-ni6x/56"">View Details</a></p>
","(48.599191, -122.585632)"
R_HOL_7,08/03/2008,48.043826,-122.517285,108.1,0.171,0.224,0.271,0.96,0.651,12.8,77.8,0.771,0.224,0.474,0.408,0.255,0.195,0.373,2.58,0.298,4.61,2.96,2.25,11.3,31.5,6.72,4.07,4.61,6.1,3.32,72.1,1.11,0.95,0.78,Station ID: R_HOL_7,"<ul><li><strong>Dioxin TEQ 1/2 DL:</strong> 0.95 pg/g</li><li><strong>Depth:</strong> 108.1 feet</li><li><strong>Location:</strong> 48.043826N, -122.517285W</li><li><strong>Total Organic Carbon:</strong> 3.32%</li><li><strong>Total Fines:</strong> 72.1%</li></ul>
<p><a target=""_blank"" href=""http://www.socrata.com/dataset/Dioxin/km7h-ni6x/40"">View Details</a></p>
","(48.043826, -122.517285)"
SJF_9_C,08/01/2008,48.277007,-123.028754,480.3,0.209,0.312,0.37,1.05,0.852,9.81,55.4,0.667,0.201,0.347,0.286,0.273,0.396,0.22,2.53,0.535,4.43,0.501,2.09,10.6,21.9,4.18,1.56,2.65,5.5,1.54,24.9,1.19,0.8,0.42,Station ID: SJF_9_C,"<ul><li><strong>Dioxin TEQ 1/2 DL:</strong> 0.8 pg/g</li><li><strong>Depth:</strong> 480.3 feet</li><li><strong>Location:</strong> 48.277007N, -123.028754W</li><li><strong>Total Organic Carbon:</strong> 1.54%</li><li><strong>Total Fines:</strong> 24.9%</li></ul>
<p><a target=""_blank"" href=""http://www.socrata.com/dataset/Dioxin/km7h-ni6x/55"">View Details</a></p>
","(48.277007, -123.028754)"
HC_1,08/02/2008,47.818332,-122.674739,186.8,0.145,0.212,0.499,0.829,0.537,7.52,43.8,0.966,0.253,0.459,0.29,0.205,0.469,0.272,1.82,0.46,3.11,6.02,3.28,5.98,19.3,5.26,3.09,2.8,4.06,0.798,33,1.02,0.87,0.72,Station ID: HC_1,"<ul><li><strong>Dioxin TEQ 1/2 DL:</strong> 0.87 pg/g</li><li><strong>Depth:</strong> 186.8 feet</li><li><strong>Location:</strong> 47.818332N, -122.674739W</li><li><strong>Total Organic Carbon:</strong> 0.798%</li><li><strong>Total Fines:</strong> 33%</li></ul>
<p><a target=""_blank"" href=""http://www.socrata.com/dataset/Dioxin/km7h-ni6x/12"">View Details</a></p>
","(47.818332, -122.674739)"
R_CAR_0,08/04/2008,47.333878,-122.67563,68.1,0.202,0.277,0.393,0.979,0.691,13.7,95.9,0.535,0.19,0.382,0.536,0.217,0.289,0.277,3.76,0.473,8.74,0.499,1.05,4.85,33.5,1.93,2.9,4.89,10.5,0.59,51.7,1.2,0.82,0.44,Station ID: R_CAR_0,"<ul><li><strong>Dioxin TEQ 1/2 DL:</strong> 0.82 pg/g</li><li><strong>Depth:</strong> 68.1 feet</li><li><strong>Location:</strong> 47.333878N, -122.67563W</li><li><strong>Total Organic Carbon:</strong> 0.59%</li><li><strong>Total Fines:</strong> 51.7%</li></ul>
<p><a target=""_blank"" href=""http://www.socrata.com/dataset/Dioxin/km7h-ni6x/26"">View Details</a></p>
","(47.333878, -122.67563)"
HC_6,08/02/2008,47.660553,-122.830468,289.1,0.278,0.308,0.315,0.794,0.443,8.65,64.8,0.836,0.138,0.353,0.256,0.263,0.393,0.223,1.82,0.665,2.97,5.23,3.75,8.3,23.5,4.64,2.48,2.09,4.46,1.86,93.1,1.18,0.77,0.36,Station ID: HC_6,"<ul><li><strong>Dioxin TEQ 1/2 DL:</strong> 0.77 pg/g</li><li><strong>Depth:</strong> 289.1 feet</li><li><strong>Location:</strong> 47.660553N, -122.830468W</li><li><strong>Total Organic Carbon:</strong> 1.86%</li><li><strong>Total Fines:</strong> 93.1%</li></ul>
<p><a target=""_blank"" href=""http://www.socrata.com/dataset/Dioxin/km7h-ni6x/15"">View Details</a></p>
","(47.660553, -122.830468)"
NCPS_3,07/31/2008,47.843692,-122.474223,606.4,0.163,0.24,0.148,0.71,0.487,7.36,44.8,0.683,0.146,0.313,0.303,0.133,0.288,0.187,2.21,0.435,4.11,1.62,2.17,7.72,18.3,4.22,2.4,1.98,4.59,1.11,40.9,0.91,0.76,0.62,Station ID: NCPS_3,"<ul><li><strong>Dioxin TEQ 1/2 DL:</strong> 0.76 pg/g</li><li><strong>Depth:</strong> 606.4 feet</li><li><strong>Location:</strong> 47.843692N, -122.474223W</li><li><strong>Total Organic Carbon:</strong> 1.11%</li><li><strong>Total Fines:</strong> 40.9%</li></ul>
<p><a target=""_blank"" href=""http://www.socrata.com/dataset/Dioxin/km7h-ni6x/19"">View Details</a></p>
","(47.843692, -122.474223)"
NCPS_0,07/31/2008,47.784736,-122.453458,534.7,0.147,0.22,0.241,0.952,0.66,8.85,58.9,0.77,0.168,0.399,0.284,0.159,0.284,0.233,2.24,0.477,3.98,1.82,2.02,9.69,22.1,5.55,3.16,3.18,5.1,0.802,43.4,0.98,0.76,0.53,Station ID: NCPS_0,"<ul><li><strong>Dioxin TEQ 1/2 DL:</strong> 0.76 pg/g</li><li><strong>Depth:</strong> 534.7 feet</li><li><strong>Location:</strong> 47.784736N, -122.453458W</li><li><strong>Total Organic Carbon:</strong> 0.802%</li><li><strong>Total Fines:</strong> 43.4%</li></ul>
<p><a target=""_blank"" href=""http://www.socrata.com/dataset/Dioxin/km7h-ni6x/16"">View Details</a></p>
","(47.784736, -122.453458)"
CPS_5,07/31/2008,47.748118,-122.438059,280.1,0.178,0.174,0.219,0.861,0.491,8.47,54,0.516,0.105,0.3,0.314,0.185,0.267,0.237,2.35,0.405,4.21,1.21,2.04,7.45,19.5,3.42,2.82,3.36,5.39,0.994,9,0.88,0.73,0.58,Station ID: CPS_5,"<ul><li><strong>Dioxin TEQ 1/2 DL:</strong> 0.73 pg/g</li><li><strong>Depth:</strong> 280.1 feet</li><li><strong>Location:</strong> 47.748118N, -122.438059W</li><li><strong>Total Organic Carbon:</strong> 0.994%</li><li><strong>Total Fines:</strong> 9%</li></ul>
<p><a target=""_blank"" href=""http://www.socrata.com/dataset/Dioxin/km7h-ni6x/10"">View Details</a></p>
","(47.748118, -122.438059)"
SJI_8_C,08/02/2008,48.799216,-122.893365,583.6,0.162,0.222,0.314,1.17,0.836,7.82,42,0.9,0.168,0.287,0.198,0.15,0.336,0.212,2.15,0.483,3.09,0.408,2.28,11.3,17.9,3.12,1.89,2.53,4.75,,,1,0.72,0.44,Station ID: SJI_8_C,"<ul><li><strong>Dioxin TEQ 1/2 DL:</strong> 0.72 pg/g</li><li><strong>Depth:</strong> 583.6 feet</li><li><strong>Location:</strong> 48.799216N, -122.893365W</li><li><strong>Total Organic Carbon:</strong> %</li><li><strong>Total Fines:</strong> %</li></ul>
<p><a target=""_blank"" href=""http://www.socrata.com/dataset/Dioxin/km7h-ni6x/60"">View Details</a></p>
","(48.799216, -122.893365)"
SJI_3,08/02/2008,48.866023,-122.940279,514.7,0.17,0.257,0.275,0.983,0.748,7.08,38.9,0.66,0.132,0.257,0.237,0.225,0.324,0.232,1.82,0.479,2.98,0.539,1.87,7.43,16.2,2.14,1.84,0.93,3.99,,,0.98,0.67,0.35,Station ID: SJI_3,"<ul><li><strong>Dioxin TEQ 1/2 DL:</strong> 0.67 pg/g</li><li><strong>Depth:</strong> 514.7 feet</li><li><strong>Location:</strong> 48.866023N, -122.940279W</li><li><strong>Total Organic Carbon:</strong> %</li><li><strong>Total Fines:</strong> %</li></ul>
<p><a target=""_blank"" href=""http://www.socrata.com/dataset/Dioxin/km7h-ni6x/59"">View Details</a></p>
","(48.866023, -122.940279)"
AI_20_C_GS,08/01/2008,47.990288,-122.682217,135.9,0.136,0.162,0.242,0.759,0.496,6.11,34.9,0.54,0.139,0.294,0.248,0.178,0.241,0.201,1.58,0.351,2.32,0.565,1.59,6.44,14.7,2.95,2.15,1.99,3.43,0.602,20.5,0.77,0.67,0.57,Station ID: AI_20_C_GS,"<ul><li><strong>Dioxin TEQ 1/2 DL:</strong> 0.67 pg/g</li><li><strong>Depth:</strong> 135.9 feet</li><li><strong>Location:</strong> 47.990288N, -122.682217W</li><li><strong>Total Organic Carbon:</strong> 0.602%</li><li><strong>Total Fines:</strong> 20.5%</li></ul>
<p><a target=""_blank"" href=""http://www.socrata.com/dataset/Dioxin/km7h-ni6x/4"">View Details</a></p>
","(47.990288, -122.682217)"
HC_3,08/02/2008,47.756281,-122.739407,315,0.228,0.226,0.295,0.621,0.447,5.93,41.4,0.734,0.13,0.28,0.211,0.21,0.302,0.213,1.43,0.454,2.92,0.43,0.903,6.04,18.4,3.19,1.42,1.67,3.39,0.978,72.2,0.94,0.65,0.35,Station ID: HC_3,"<ul><li><strong>Dioxin TEQ 1/2 DL:</strong> 0.65 pg/g</li><li><strong>Depth:</strong> 315 feet</li><li><strong>Location:</strong> 47.756281N, -122.739407W</li><li><strong>Total Organic Carbon:</strong> 0.978%</li><li><strong>Total Fines:</strong> 72.2%</li></ul>
<p><a target=""_blank"" href=""http://www.socrata.com/dataset/Dioxin/km7h-ni6x/14"">View Details</a></p>
","(47.756281, -122.739407)"
SJF_2,08/01/2008,48.256437,-123.106923,518.4,0.177,0.218,0.3,0.524,0.434,5.06,28.6,0.422,0.133,0.128,0.239,0.225,0.328,0.254,1.39,0.418,2.4,0.274,0.661,5.41,11.1,1.43,0.952,1.21,3.09,1.16,20.2,0.79,0.5,0.21,Station ID: SJF_2,"<ul><li><strong>Dioxin TEQ 1/2 DL:</strong> 0.5 pg/g</li><li><strong>Depth:</strong> 518.4 feet</li><li><strong>Location:</strong> 48.256437N, -123.106923W</li><li><strong>Total Organic Carbon:</strong> 1.16%</li><li><strong>Total Fines:</strong> 20.2%</li></ul>
<p><a target=""_blank"" href=""http://www.socrata.com/dataset/Dioxin/km7h-ni6x/53"">View Details</a></p>
","(48.256437, -123.106923)"
NCPS_4,07/31/2008,47.870952,-122.458555,373.9,0.171,0.2,0.478,0.441,0.262,3.86,23.4,0.385,0.149,0.191,0.238,0.221,0.34,0.226,0.943,0.465,1.96,0.309,0.138,3.85,9.29,0.916,0.519,1.22,2.26,1.4,10.8,0.75,0.5,0.24,Station ID: NCPS_4,"<ul><li><strong>Dioxin TEQ 1/2 DL:</strong> 0.5 pg/g</li><li><strong>Depth:</strong> 373.9 feet</li><li><strong>Location:</strong> 47.870952N, -122.458555W</li><li><strong>Total Organic Carbon:</strong> 1.4%</li><li><strong>Total Fines:</strong> 10.8%</li></ul>
<p><a target=""_blank"" href=""http://www.socrata.com/dataset/Dioxin/km7h-ni6x/20"">View Details</a></p>
","(47.870952, -122.458555)"
R_DAB_0,08/02/2008,47.740112,-122.863281,111.7,0.221,0.299,0.529,0.428,0.572,5.82,32.6,0.296,0.179,0.176,0.402,0.38,0.496,0.384,1.06,0.423,1.72,0.221,0.299,4.28,16.9,0.576,0.615,1.03,2.32,0.55,16.8,1.01,0.58,0.15,Station ID: R_DAB_0,"<ul><li><strong>Dioxin TEQ 1/2 DL:</strong> 0.58 pg/g</li><li><strong>Depth:</strong> 111.7 feet</li><li><strong>Location:</strong> 47.740112N, -122.863281W</li><li><strong>Total Organic Carbon:</strong> 0.55%</li><li><strong>Total Fines:</strong> 16.8%</li></ul>
<p><a target=""_blank"" href=""http://www.socrata.com/dataset/Dioxin/km7h-ni6x/31"">View Details</a></p>
","(47.740112, -122.863281)"
SCPS_2,08/04/2008,47.497847,-122.489298,336.6,0.126,0.115,0.192,0.609,0.397,6.47,44.6,0.532,0.124,0.256,0.35,0.148,0.244,0.185,2.03,0.266,4.45,1,0.887,6.1,15,2.37,2.22,2.74,5.14,0.461,5.7,0.69,0.57,0.44,Station ID: SCPS_2,"<ul><li><strong>Dioxin TEQ 1/2 DL:</strong> 0.57 pg/g</li><li><strong>Depth:</strong> 336.6 feet</li><li><strong>Location:</strong> 47.497847N, -122.489298W</li><li><strong>Total Organic Carbon:</strong> 0.461%</li><li><strong>Total Fines:</strong> 5.7%</li></ul>
<p><a target=""_blank"" href=""http://www.socrata.com/dataset/Dioxin/km7h-ni6x/48"">View Details</a></p>
","(47.497847, -122.489298)"
AI_13_C,08/03/2008,47.916484,-122.513486,322.1,0.154,0.173,0.261,0.6,0.456,5.59,36.5,0.522,0.114,0.243,0.26,0.157,0.224,0.154,2.05,0.388,3.83,0.298,0.429,6.14,13.8,1.84,1.59,1.64,3.97,0.717,11.9,0.76,0.57,0.38,Station ID: AI_13_C,"<ul><li><strong>Dioxin TEQ 1/2 DL:</strong> 0.57 pg/g</li><li><strong>Depth:</strong> 322.1 feet</li><li><strong>Location:</strong> 47.916484N, -122.513486W</li><li><strong>Total Organic Carbon:</strong> 0.717%</li><li><strong>Total Fines:</strong> 11.9%</li></ul>
<p><a target=""_blank"" href=""http://www.socrata.com/dataset/Dioxin/km7h-ni6x/3"">View Details</a></p>
","(47.916484, -122.513486)"
AI_1,07/31/2008,47.960288,-122.492247,283.6,0.144,0.21,0.227,0.431,0.349,4.19,24.5,0.404,0.122,0.269,0.264,0.317,0.275,0.315,1.92,0.383,2.57,0.656,0.335,3.05,9.84,4.23,5.29,4.28,1.92,0.691,8.6,0.77,0.56,0.36,Station ID: AI_1,"<ul><li><strong>Dioxin TEQ 1/2 DL:</strong> 0.56 pg/g</li><li><strong>Depth:</strong> 283.6 feet</li><li><strong>Location:</strong> 47.960288N, -122.492247W</li><li><strong>Total Organic Carbon:</strong> 0.691%</li><li><strong>Total Fines:</strong> 8.6%</li></ul>
<p><a target=""_blank"" href=""http://www.socrata.com/dataset/Dioxin/km7h-ni6x/1"">View Details</a></p>
","(47.960288, -122.492247)"
AI_5_C,08/01/2008,47.988731,-122.549956,126.6,0.147,0.174,0.35,0.593,0.458,5.73,36.6,0.458,0.126,0.243,0.23,0.169,0.321,0.146,1.71,0.36,3.44,0.773,0.719,6.08,14.1,0.957,1.66,0.847,4.34,1.1,14,0.76,0.54,0.33,Station ID: AI_5_C,"<ul><li><strong>Dioxin TEQ 1/2 DL:</strong> 0.54 pg/g</li><li><strong>Depth:</strong> 126.6 feet</li><li><strong>Location:</strong> 47.988731N, -122.549956W</li><li><strong>Total Organic Carbon:</strong> 1.1%</li><li><strong>Total Fines:</strong> 14%</li></ul>
<p><a target=""_blank"" href=""http://www.socrata.com/dataset/Dioxin/km7h-ni6x/5"">View Details</a></p>
","(47.988731, -122.549956)"
SS_1,08/04/2008,47.121051,-122.734843,102.2,0.164,0.182,0.244,0.217,0.397,2.21,20.8,0.187,0.315,0.254,0.2,0.254,0.564,0.403,0.823,0.355,4.11,0.164,0.182,0.614,4.25,0.202,0.569,1.73,3.26,0.217,1.9,0.72,0.53,0.33,Station ID: SS_1,"<ul><li><strong>Dioxin TEQ 1/2 DL:</strong> 0.53 pg/g</li><li><strong>Depth:</strong> 102.2 feet</li><li><strong>Location:</strong> 47.121051N, -122.734843W</li><li><strong>Total Organic Carbon:</strong> 0.217%</li><li><strong>Total Fines:</strong> 1.9%</li></ul>
<p><a target=""_blank"" href=""http://www.socrata.com/dataset/Dioxin/km7h-ni6x/67"">View Details</a></p>
","(47.121051, -122.734843)"
R_CAR_6_C,08/04/2008,47.314609,-122.730998,58.8,0.234,0.282,0.32,0.371,0.35,4.83,29.9,0.265,0.188,0.194,0.239,0.215,0.3,0.232,1.3,0.497,2.79,0.234,0.302,1.43,11,0.265,0.928,1.31,3.16,0.653,6.7,0.89,0.51,0.13,Station ID: R_CAR_6_C,"<ul><li><strong>Dioxin TEQ 1/2 DL:</strong> 0.51 pg/g</li><li><strong>Depth:</strong> 58.8 feet</li><li><strong>Location:</strong> 47.314609N, -122.730998W</li><li><strong>Total Organic Carbon:</strong> 0.653%</li><li><strong>Total Fines:</strong> 6.7%</li></ul>
<p><a target=""_blank"" href=""http://www.socrata.com/dataset/Dioxin/km7h-ni6x/30"">View Details</a></p>
","(47.314609, -122.730998)"
R_HOL_1,08/03/2008,48.023517,-122.521634,71.4,0.0921,0.0851,0.145,0.34,0.28,4.84,29.6,0.314,0.0764,0.205,0.141,0.0816,0.16,0.129,0.933,0.233,1.8,0.528,0.325,3.8,12.3,1.66,1.14,0.566,0.933,0.989,17.8,0.47,0.4,0.33,Station ID: R_HOL_1,"<ul><li><strong>Dioxin TEQ 1/2 DL:</strong> 0.4 pg/g</li><li><strong>Depth:</strong> 71.4 feet</li><li><strong>Location:</strong> 48.023517N, -122.521634W</li><li><strong>Total Organic Carbon:</strong> 0.989%</li><li><strong>Total Fines:</strong> 17.8%</li></ul>
<p><a target=""_blank"" href=""http://www.socrata.com/dataset/Dioxin/km7h-ni6x/37"">View Details</a></p>
","(48.023517, -122.521634)"
SJF_10_C,08/01/2008,48.374001,-122.986083,483.7,0.141,0.155,0.234,0.487,0.414,4.09,21.2,0.529,0.175,0.249,0.184,0.165,0.225,0.166,1.55,0.347,2.17,0.196,0.579,4.91,9.03,2.44,0.696,1.61,2.87,0.795,11.7,0.68,0.46,0.25,Station ID: SJF_10_C,"<ul><li><strong>Dioxin TEQ 1/2 DL:</strong> 0.46 pg/g</li><li><strong>Depth:</strong> 483.7 feet</li><li><strong>Location:</strong> 48.374001N, -122.986083W</li><li><strong>Total Organic Carbon:</strong> 0.795%</li><li><strong>Total Fines:</strong> 11.7%</li></ul>
<p><a target=""_blank"" href=""http://www.socrata.com/dataset/Dioxin/km7h-ni6x/51"">View Details</a></p>
","(48.374001, -122.986083)"
SPSB_3,08/03/2008,48.38363,-122.573172,45.3,0.18,0.205,0.265,0.269,0.281,3.89,24.3,0.253,0.172,0.169,0.227,0.233,0.325,0.238,0.944,0.423,1.99,0.194,0.542,2.81,8.51,0.819,0.817,0.718,2.21,1.02,80.4,0.71,0.42,0.13,Station ID: SPSB_3,"<ul><li><strong>Dioxin TEQ 1/2 DL:</strong> 0.42 pg/g</li><li><strong>Depth:</strong> 45.3 feet</li><li><strong>Location:</strong> 48.38363N, -122.573172W</li><li><strong>Total Organic Carbon:</strong> 1.02%</li><li><strong>Total Fines:</strong> 80.4%</li></ul>
<p><a target=""_blank"" href=""http://www.socrata.com/dataset/Dioxin/km7h-ni6x/64"">View Details</a></p>
","(48.38363, -122.573172)"
SJF_3,08/01/2008,48.197363,-123.380675,419.2,0.182,0.187,0.271,0.496,0.293,3.51,19.7,0.321,0.156,0.158,0.231,0.224,0.306,0.236,1.21,0.483,1.65,0.182,0.302,3.97,7.59,1.24,0.156,0.224,1.29,0.914,11.4,0.72,0.42,0.12,Station ID: SJF_3,"<ul><li><strong>Dioxin TEQ 1/2 DL:</strong> 0.42 pg/g</li><li><strong>Depth:</strong> 419.2 feet</li><li><strong>Location:</strong> 48.197363N, -123.380675W</li><li><strong>Total Organic Carbon:</strong> 0.914%</li><li><strong>Total Fines:</strong> 11.4%</li></ul>
<p><a target=""_blank"" href=""http://www.socrata.com/dataset/Dioxin/km7h-ni6x/54"">View Details</a></p>
","(48.197363, -123.380675)"
R_HOL_0,08/03/2008,48.056135,-122.5422,74.9,0.164,0.137,0.153,0.159,0.165,2.21,12.6,0.266,0.0855,0.124,0.163,0.15,0.211,0.0811,0.597,0.254,1,0.164,0.171,1.7,5.18,0.545,0.364,0.671,1.2,0.349,7.4,0.51,0.3,0.08,Station ID: R_HOL_0,"<ul><li><strong>Dioxin TEQ 1/2 DL:</strong> 0.3 pg/g</li><li><strong>Depth:</strong> 74.9 feet</li><li><strong>Location:</strong> 48.056135N, -122.5422W</li><li><strong>Total Organic Carbon:</strong> 0.349%</li><li><strong>Total Fines:</strong> 7.4%</li></ul>
<p><a target=""_blank"" href=""http://www.socrata.com/dataset/Dioxin/km7h-ni6x/36"">View Details</a></p>
","(48.056135, -122.5422)"
SCPS_3,08/04/2008,47.38175,-122.387519,91.7,0.122,0.158,0.228,0.223,0.214,2.81,19.3,0.404,0.115,0.129,0.188,0.182,0.244,0.183,0.814,0.303,1.51,0.122,0.134,1.39,6.57,0.473,0.787,0.907,1.85,0.354,2.8,0.55,0.34,0.13,Station ID: SCPS_3,"<ul><li><strong>Dioxin TEQ 1/2 DL:</strong> 0.34 pg/g</li><li><strong>Depth:</strong> 91.7 feet</li><li><strong>Location:</strong> 47.38175N, -122.387519W</li><li><strong>Total Organic Carbon:</strong> 0.354%</li><li><strong>Total Fines:</strong> 2.8%</li></ul>
<p><a target=""_blank"" href=""http://www.socrata.com/dataset/Dioxin/km7h-ni6x/49"">View Details</a></p>
","(47.38175, -122.387519)"
PSPS_8,08/03/2008,47.90227,-122.329503,48.2,0.138,0.174,0.246,0.263,0.268,2.08,14,0.43,0.138,0.138,0.171,0.163,0.231,0.179,0.555,0.381,1,0.138,0.174,0.724,4.63,0.909,0.138,0.708,0.266,0.262,4.3,0.59,0.33,0.07,Station ID: PSPS_8,"<ul><li><strong>Dioxin TEQ 1/2 DL:</strong> 0.33 pg/g</li><li><strong>Depth:</strong> 48.2 feet</li><li><strong>Location:</strong> 47.90227N, -122.329503W</li><li><strong>Total Organic Carbon:</strong> 0.262%</li><li><strong>Total Fines:</strong> 4.3%</li></ul>
<p><a target=""_blank"" href=""http://www.socrata.com/dataset/Dioxin/km7h-ni6x/24"">View Details</a></p>
","(47.90227, -122.329503)"
SPSB_8_C,08/03/2008,48.300824,-122.487658,78.2,0.175,0.185,0.241,0.243,0.255,1.96,11.3,0.191,0.145,0.137,0.188,0.177,0.243,0.183,0.537,0.386,1.19,0.175,0.126,0.918,3.97,0.202,0.173,0.177,1.2,0.409,34.9,0.61,0.32,0.03,Station ID: SPSB_8_C,"<ul><li><strong>Dioxin TEQ 1/2 DL:</strong> 0.32 pg/g</li><li><strong>Depth:</strong> 78.2 feet</li><li><strong>Location:</strong> 48.300824N, -122.487658W</li><li><strong>Total Organic Carbon:</strong> 0.409%</li><li><strong>Total Fines:</strong> 34.9%</li></ul>
<p><a target=""_blank"" href=""http://www.socrata.com/dataset/Dioxin/km7h-ni6x/65"">View Details</a></p>
","(48.300824, -122.487658)"
NCPS_1,07/31/2008,47.807462,-122.4768,47.2,0.135,0.155,0.224,0.232,0.24,1.07,6.57,0.225,0.114,0.117,0.155,0.146,0.216,0.149,0.344,0.389,0.758,0.135,0.155,0.872,1.07,0.185,0.159,0.196,0.72,0.204,2.6,0.51,0.26,0.01,Station ID: NCPS_1,"<ul><li><strong>Dioxin TEQ 1/2 DL:</strong> 0.26 pg/g</li><li><strong>Depth:</strong> 47.2 feet</li><li><strong>Location:</strong> 47.807462N, -122.4768W</li><li><strong>Total Organic Carbon:</strong> 0.204%</li><li><strong>Total Fines:</strong> 2.6%</li></ul>
<p><a target=""_blank"" href=""http://www.socrata.com/dataset/Dioxin/km7h-ni6x/17"">View Details</a></p>
","(47.807462, -122.4768)"
AI_11_C,08/01/2008,48.076057,-122.672592,310.6,0.141,0.144,0.209,0.217,0.225,0.367,2.22,0.192,0.118,0.117,0.174,0.163,0.243,0.171,0.225,0.348,0.54,0.141,0.144,0.209,0.758,0.192,0.117,0.163,0.225,0.193,1,0.49,0.26,0.02,Station ID: AI_11_C,"<ul><li><strong>Dioxin TEQ 1/2 DL:</strong> 0.26 pg/g</li><li><strong>Depth:</strong> 310.6 feet</li><li><strong>Location:</strong> 48.076057N, -122.672592W</li><li><strong>Total Organic Carbon:</strong> 0.193%</li><li><strong>Total Fines:</strong> 1%</li></ul>
<p><a target=""_blank"" href=""http://www.socrata.com/dataset/Dioxin/km7h-ni6x/2"">View Details</a></p>
","(48.076057, -122.672592)"
R_HOL_3,08/03/2008,48.110736,-122.55234,114.5,0.0974,0.113,0.222,0.235,0.241,0.858,4.82,0.211,0.0844,0.086,0.179,0.173,0.232,0.163,0.399,0.234,0.557,0.0974,0.113,0.344,1.87,0.354,0.383,0.182,0.399,0.28,2.6,0.42,0.24,0.06,Station ID: R_HOL_3,"<ul><li><strong>Dioxin TEQ 1/2 DL:</strong> 0.24 pg/g</li><li><strong>Depth:</strong> 114.5 feet</li><li><strong>Location:</strong> 48.110736N, -122.55234W</li><li><strong>Total Organic Carbon:</strong> 0.28%</li><li><strong>Total Fines:</strong> 2.6%</li></ul>
<p><a target=""_blank"" href=""http://www.socrata.com/dataset/Dioxin/km7h-ni6x/38"">View Details</a></p>
","(48.110736, -122.55234)"
